Datetime,Water Level (m)
2026-10-06 06:00:00,0.041293748
2026-10-06 07:00:00,0.05306513
2026-10-06 08:00:00,0.068492524
2026-10-06 09:00:00,0.085551664
2026-10-06 10:00:00,0.10107483
2026-10-06 11:00:00,0.11034338
2026-10-06 12:00:00,0.116153546
2026-10-06 13:00:00,0.12174046
2026-10-06 14:00:00,0.124033414
2026-10-06 15:00:00,0.12483191
2026-10-06 16:00:00,0.124357134
2026-10-06 17:00:00,0.12631743
2026-10-06 18:00:00,0.13249303
2026-10-06 19:00:00,0.14250478
2026-10-06 20:00:00,0.15504003
2026-10-06 21:00:00,0.17040883
2026-10-06 22:00:00,0.18439841
2026-10-06 23:00:00,0.19846152
2026-10-07 00:00:00,0.20845613
2026-10-07 01:00:00,0.21564755
2026-10-07 02:00:00,0.2187229
2026-10-07 03:00:00,0.2154618
2026-10-07 04:00:00,0.21451043
2026-10-07 05:00:00,0.21588635
2026-10-07 06:00:00,0.22170877
2026-10-07 07:00:00,0.23245524
2026-10-07 08:00:00,0.24824375
2026-10-07 09:00:00,0.2667893
2026-10-07 10:00:00,0.28610855
2026-10-07 11:00:00,0.3035303
2026-10-07 12:00:00,0.31735012
2026-10-07 13:00:00,0.32799193
2026-10-07 14:00:00,0.33589563
2026-10-07 15:00:00,0.3413092
2026-10-07 16:00:00,0.34486833
2026-10-07 17:00:00,0.34809104
2026-10-07 18:00:00,0.35352355
2026-10-07 19:00:00,0.36381838
2026-10-07 20:00:00,0.38047436
2026-10-07 21:00:00,0.40108883
2026-10-07 22:00:00,0.42363945
2026-10-07 23:00:00,0.44542575
2026-10-08 00:00:00,0.46438277
2026-10-08 01:00:00,0.47967368
2026-10-08 02:00:00,0.49168518
2026-10-08 03:00:00,0.50127167
2026-10-08 04:00:00,0.50911546
2026-10-08 05:00:00,0.51596206
2026-10-08 06:00:00,0.5233097
2026-10-08 07:00:00,0.5340136
2026-10-08 08:00:00,0.5502364
2026-10-08 09:00:00,0.5708749
2026-10-08 10:00:00,0.59455425
2026-10-08 11:00:00,0.61777574
2026-10-08 12:00:00,0.6384336
2026-10-08 13:00:00,0.6560905
2026-10-08 14:00:00,0.67048496
2026-10-08 15:00:00,0.6820992
2026-10-08 16:00:00,0.6914638
2026-10-08 17:00:00,0.69925576
2026-10-08 18:00:00,0.70743454
2026-10-08 19:00:00,0.71785784
2026-10-08 20:00:00,0.73300743
2026-10-08 21:00:00,0.7532492
2026-10-08 22:00:00,0.7771668
2026-10-08 23:00:00,0.80226475
2026-10-09 00:00:00,0.82483745
2026-10-09 01:00:00,0.8443739
2026-10-09 02:00:00,0.8607106
2026-10-09 03:00:00,0.8738505
2026-10-09 04:00:00,0.8843631
2026-10-09 05:00:00,0.89273065
2026-10-09 06:00:00,0.8999426
2026-10-09 07:00:00,0.90805596
2026-10-09 08:00:00,0.9196958
2026-10-09 09:00:00,0.93587476
2026-10-09 10:00:00,0.95667756
2026-10-09 11:00:00,0.978753
2026-10-09 12:00:00,1.0001068
2026-10-09 13:00:00,1.0182045
2026-10-09 14:00:00,1.0328798
2026-10-09 15:00:00,1.0448216
2026-10-09 16:00:00,1.054169
2026-10-09 17:00:00,1.0612074
2026-10-09 18:00:00,1.0668406
2026-10-09 19:00:00,1.0723827
2026-10-09 20:00:00,1.080562
2026-10-09 21:00:00,1.0940558
2026-10-09 22:00:00,1.1115217
2026-10-09 23:00:00,1.1322782
2026-10-10 00:00:00,1.1527898
2026-10-10 01:00:00,1.1706202
2026-10-10 02:00:00,1.185283
2026-10-10 03:00:00,1.1969432
2026-10-10 04:00:00,1.2057974
2026-10-10 05:00:00,1.2123363
2026-10-10 06:00:00,1.217388
2026-10-10 07:00:00,1.2218183
2026-10-10 08:00:00,1.2274649
2026-10-10 09:00:00,1.2376386
2026-10-10 10:00:00,1.2511823
2026-10-10 11:00:00,1.2694267
2026-10-10 12:00:00,1.2869103
2026-10-10 13:00:00,1.3023293
2026-10-10 14:00:00,1.314114
2026-10-10 15:00:00,1.3233632
2026-10-10 16:00:00,1.3298675
2026-10-10 17:00:00,1.3341691
2026-10-10 18:00:00,1.3368816
2026-10-10 19:00:00,1.3383538
2026-10-10 20:00:00,1.3403674
2026-10-10 21:00:00,1.3462332
2026-10-10 22:00:00,1.3563794
2026-10-10 23:00:00,1.3705558
2026-10-11 00:00:00,1.3859028
2026-10-11 01:00:00,1.3989483
2026-10-11 02:00:00,1.4108555
2026-10-11 03:00:00,1.4201521
2026-10-11 04:00:00,1.4270216
2026-10-11 05:00:00,1.4314274
2026-10-11 06:00:00,1.4338713
2026-10-11 07:00:00,1.4349625
2026-10-11 08:00:00,1.4358461
2026-10-11 09:00:00,1.438987
2026-10-11 10:00:00,1.4464116
2026-10-11 11:00:00,1.4573956
2026-10-11 12:00:00,1.4695485
2026-10-11 13:00:00,1.4804914
2026-10-11 14:00:00,1.489355
2026-10-11 15:00:00,1.4955761
2026-10-11 16:00:00,1.4993805
2026-10-11 17:00:00,1.5008225
2026-10-11 18:00:00,1.5005445
2026-10-11 19:00:00,1.4990945
2026-10-11 20:00:00,1.4970784
2026-10-11 21:00:00,1.4966596
2026-10-11 22:00:00,1.5009059
2026-10-11 23:00:00,1.509911
2026-10-12 00:00:00,1.5217324
2026-10-12 01:00:00,1.5335585
2026-10-12 02:00:00,1.5431385
2026-10-12 03:00:00,1.5502654
2026-10-12 04:00:00,1.5551523
2026-10-12 05:00:00,1.5578749
2026-10-12 06:00:00,1.5586894
